ID,Edad,Total_Compras,Monto_Total
1.0,56.0,11.0,2892.339321313342
2.0,69.0,5.0,817.1225208648729
3.0,46.0,1.0,532.8702065331611
4.0,32.0,20.0,7354.467877740279
5.0,60.0,0.0,0.0
6.0,25.0,11.0,4694.074278009445
7.0,38.0,11.0,7721.541131869668
8.0,56.0,16.0,9219.444432183132
9.0,36.0,9.0,3738.145287408121
10.0,40.0,15.0,1639.2820921785985
