ID,Edad,Total_Compras,Monto_Total,Nombre,Ciudad
1,56.0,11.0,2892.339321313342,Ana,Buenos Aires
2,69.0,5.0,817.1225208648729,Luis,Córdoba
3,46.0,1.0,532.8702065331611,Carlos,Rosario
4,32.0,20.0,7354.467877740279,Marta,Mendoza
5,60.0,0.0,0.0,Jorge,La Plata
6,25.0,11.0,4694.074278009445,Lucía,Salta
7,38.0,11.0,7721.541131869668,Pedro,Tucumán
8,56.0,16.0,9219.444432183132,Sofía,Santa Fe
9,36.0,9.0,3738.145287408121,Diego,Neuquén
10,40.0,15.0,1639.2820921785983,Valentina,Bahía Blanca
