Pclass,Fare
1,84.1546875
2,20.662183152173913
3,13.675550101832993
